{
  "risk": {
    "age": 0.03825446301227615,
    "gender": 0.0076970899511900484,
    "fever": 0.03250301004410133,
    "cough": 0.009166329575654105,
    "headache": 0.007300759918121232,
    "fatigue": 0.007697929096714516,
    "shortness_of_breath": 0.044198989089533014,
    "chest_pain": 0.05008704688418603,
    "nausea": 0.01590266928653673,
    "vomiting": 0.02487792994129938,
    "diarrhea": 0.00661137357133043,
    "body_ache": 0.0074093733387922385,
    "sore_throat": 0.008807102063504213,
    "runny_nose": 0.008994485009108301,
    "dizziness": 0.023471267050871374,
    "abdominal_pain": 0.007889506985790527,
    "loss_of_appetite": 0.00741180700079064,
    "skin_rash": 0.008564763945726632,
    "joint_pain": 0.014782437699289764,
    "blurred_vision": 0.01922763731172492,
    "frequent_urination": 0.009703049354891264,
    "weight_loss": 0.00794664315746022,
    "swelling": 0.012899700791334711,
    "numbness": 0.007281308761962176,
    "confusion": 0.05242014390536622,
    "rapid_heartbeat": 0.05714579458566033,
    "excessive_thirst": 0.006707548469225332,
    "heart_rate": 0.10491226567002325,
    "systolic_bp": 0.0715555230471758,
    "diastolic_bp": 0.03850645722611382,
    "temperature": 0.0626056312748394,
    "spo2": 0.18322535035665447,
    "bmi": 0.03423461262275156
  },
  "triage": {
    "age": 0.03825446301227615,
    "gender": 0.0076970899511900484,
    "fever": 0.03250301004410133,
    "cough": 0.009166329575654105,
    "headache": 0.007300759918121232,
    "fatigue": 0.007697929096714516,
    "shortness_of_breath": 0.044198989089533014,
    "chest_pain": 0.05008704688418603,
    "nausea": 0.01590266928653673,
    "vomiting": 0.02487792994129938,
    "diarrhea": 0.00661137357133043,
    "body_ache": 0.0074093733387922385,
    "sore_throat": 0.008807102063504213,
    "runny_nose": 0.008994485009108301,
    "dizziness": 0.023471267050871374,
    "abdominal_pain": 0.007889506985790527,
    "loss_of_appetite": 0.00741180700079064,
    "skin_rash": 0.008564763945726632,
    "joint_pain": 0.014782437699289764,
    "blurred_vision": 0.01922763731172492,
    "frequent_urination": 0.009703049354891264,
    "weight_loss": 0.00794664315746022,
    "swelling": 0.012899700791334711,
    "numbness": 0.007281308761962176,
    "confusion": 0.05242014390536622,
    "rapid_heartbeat": 0.05714579458566033,
    "excessive_thirst": 0.006707548469225332,
    "heart_rate": 0.10491226567002325,
    "systolic_bp": 0.0715555230471758,
    "diastolic_bp": 0.03850645722611382,
    "temperature": 0.0626056312748394,
    "spo2": 0.18322535035665447,
    "bmi": 0.03423461262275156
  }
}